{
  "project_info": {
    "project_number": "274673925293",
    "firebase_url": "https://ejerciciostorage.firebaseio.com",
    "project_id": "ejerciciostorage",
    "storage_bucket": "ejerciciostorage.appspot.com"
  },
  "client": [
    {
      "client_info": {
        "mobilesdk_app_id": "1:274673925293:android:8cd102bb6b4d5fcf",
        "android_client_info": {
          "package_name": "com.example.sala_bd.ejerciciostorage"
        }
      },
      "oauth_client": [
        {
          "client_id": "274673925293-n76cck6qskt6koionjrouqqhde6j5vb3.apps.googleusercontent.com",
          "client_type": 1,
          "android_info": {
            "package_name": "com.example.sala_bd.ejerciciostorage",
            "certificate_hash": "4f7471613ab726a3365d34fc86fbce08de06f7a2"
          }
        },
        {
          "client_id": "274673925293-99bjifirsavga5bntq998blv8tro9mev.apps.googleusercontent.com",
          "client_type": 1,
          "android_info": {
            "package_name": "com.example.sala_bd.ejerciciostorage",
            "certificate_hash": "9d7b96d38c0187415691659d33b38c7ee8144f4a"
          }
        },
        {
          "client_id": "274673925293-6bqdu0n3amvtsilv3bbvr7s4djrflc0q.apps.googleusercontent.com",
          "client_type": 3
        }
      ],
      "api_key": [
        {
          "current_key": "AIzaSyDTIJoTyasbUoq90FZsIKCtbfT1D6xyPTs"
        }
      ],
      "services": {
        "analytics_service": {
          "status": 1
        },
        "appinvite_service": {
          "status": 2,
          "other_platform_oauth_client": [
            {
              "client_id": "274673925293-6bqdu0n3amvtsilv3bbvr7s4djrflc0q.apps.googleusercontent.com",
              "client_type": 3
            }
          ]
        },
        "ads_service": {
          "status": 2
        }
      }
    },
    {
      "client_info": {
        "mobilesdk_app_id": "1:274673925293:android:f81acc3b03469bfd",
        "android_client_info": {
          "package_name": "com.example.carlos.biketrip"
        }
      },
      "oauth_client": [
        {
          "client_id": "274673925293-ufss5kjskv9fv220f5vnsi1ejkghoceh.apps.googleusercontent.com",
          "client_type": 1,
          "android_info": {
            "package_name": "com.example.carlos.biketrip",
            "certificate_hash": "0068c028843fe0fa2786770bc80af4f66edcfcba"
          }
        },
        {
          "client_id": "274673925293-c7v8jh7qskqi2db322e0vsgf3fn4dbu8.apps.googleusercontent.com",
          "client_type": 1,
          "android_info": {
            "package_name": "com.example.carlos.biketrip",
            "certificate_hash": "f9ee9b4a4f2265b6266295e682f1b77374bf1fcf"
          }
        },
        {
          "client_id": "274673925293-6bqdu0n3amvtsilv3bbvr7s4djrflc0q.apps.googleusercontent.com",
          "client_type": 3
        }
      ],
      "api_key": [
        {
          "current_key": "AIzaSyDTIJoTyasbUoq90FZsIKCtbfT1D6xyPTs"
        }
      ],
      "services": {
        "analytics_service": {
          "status": 1
        },
        "appinvite_service": {
          "status": 2,
          "other_platform_oauth_client": [
            {
              "client_id": "274673925293-6bqdu0n3amvtsilv3bbvr7s4djrflc0q.apps.googleusercontent.com",
              "client_type": 3
            }
          ]
        },
        "ads_service": {
          "status": 2
        }
      }
    }
  ],
  "configuration_version": "1"
}